INSERT INTO tb_perfil(id, nome) VALUES('1', 'Admin');
INSERT INTO tb_usuario(id, usuario, senha, perfil_id) VALUES('1', 'Admin', '$2a$10$76Y4080NvrBq7TlZnso/f.Axf0HEH.sUMr76w56QERcKspiHn2CK.', '1');
INSERT INTO tb_partido(id, nome, sigla, representante) VALUES('1', 'Partido dos Trabalhadores', 'PT', 'Gleisi Hoffmann');
INSERT INTO tb_partido(id, nome, sigla, representante) VALUES('2', 'Democratas', 'DEM', 'ACM Neto');
INSERT INTO tb_partido(id, nome, sigla, representante) VALUES('3', 'Partido Socialismo e Liberdade', 'PSOL', 'Juliano Medeiros');
INSERT INTO tb_partido(id, nome, sigla, representante) VALUES('4', 'Partido Democratico Trabalhista', 'PDT', 'Carlos Lupi');
INSERT INTO tb_partido(id, nome, sigla, representante) VALUES('5', 'Partido Comunista do Brasil', 'PCdoB', 'Luciana Santos');
INSERT INTO tb_deputado(id, nome, cpf, logradouro, numero, complemento, cep, telefone, partido_id, projetos_de_lei, processos, fotos) VALUES('1', 'Neusa Lula Cadore', '46043705591', 'Rua A', '123', 'casa', '12345-678', '12345678900', '1', 'projeto 1/2015-38, projeto 2/2020-09', '0', 'https://www.al.ba.gov.br/fserver/:imagensAlbanet:fotos:NeusaCadore.jpg/static:images:shared:avatar.jpg');
INSERT INTO tb_deputado(id, nome, cpf, logradouro, numero, complemento, cep, telefone, partido_id, projetos_de_lei, processos, fotos) VALUES('2', 'Sandro De Oliveira Regis', '29332640564', 'Rua B', '123', 'casa', '12345-678', '12345678900', '2', 'projeto 3/2016-81, projeto 2/2013-76', '0', 'https://www.al.ba.gov.br/fserver/:imagensAlbanet:fotos:SandroRegis.jpg/static:images:shared:avatar.jpg');
INSERT INTO tb_deputado(id, nome, cpf, logradouro, numero, complemento, cep, telefone, partido_id, projetos_de_lei, processos, fotos) VALUES('3', 'Hilton Barros Coelho', '77113185371', 'Rua C', '123', 'casa', '12345-678', '12345678900', '3', 'projeto 7/2010-15, projeto 9/2009-55', '0', 'https://img.estadao.com.br/fotos/politica/eleicoes-2020/BA/FBA50000984756_div.jpg');
INSERT INTO tb_deputado(id, nome, cpf, logradouro, numero, complemento, cep, telefone, partido_id, projetos_de_lei, processos, fotos) VALUES('4', 'Samuel Santana Couto Junior', '89446932939', 'Rua D', '123', 'casa', '12345-678', '12345678900', '4', 'projeto 6/2005-28, projeto 2/2004-36', '1', 'https://www.al.ba.gov.br/fserver/:imagensAlbanet:fotos:SamuelJunior.jpg/static:images:shared:avatar.jpg');
INSERT INTO tb_deputado(id, nome, cpf, logradouro, numero, complemento, cep, telefone, partido_id, projetos_de_lei, processos, fotos) VALUES('5', 'Maria Olivia Santana', '89327183690', 'Rua E', '123', 'casa', '12345-678', '12345678900', '5', 'projeto 9/2004-14, projeto 3/2018-45', '1', 'https://www.al.ba.gov.br/fserver/:imagensAlbanet:fotos:OliviaSantana.jpg/static:images:shared:avatar.jpg');
INSERT INTO tb_governador(id, nome, cpf, logradouro, numero, complemento, cep, telefone, partido_id, projetos_de_lei, processos, fotos) VALUES('1', 'Rui Costa', '43123385582', 'Rua A', '123', 'casa', '12345-678', '12345678900', '1', 'projeto 86/2005-13, projeto 39/2019-42', '0', 'https://upload.wikimedia.org/wikipedia/commons/thumb/1/11/Posse_de_Rui_Costa_-_Casa_Civil.jpg/150px-Posse_de_Rui_Costa_-_Casa_Civil.jpg');
INSERT INTO tb_governador(id, nome, cpf, logradouro, numero, complemento, cep, telefone, partido_id, projetos_de_lei, processos, fotos) VALUES('2', 'Ronaldo Caiado', '32087628602', 'Rua B', '123', 'casa', '12345-678', '12345678900', '2', 'projeto 34/2013-54, projeto 53/2013-51', '0', 'https://upload.wikimedia.org/wikipedia/commons/thumb/a/a7/Ronaldo_Caiado_em_abril_de_2019.jpg/150px-Ronaldo_Caiado_em_abril_de_2019.jpg');
INSERT INTO tb_governador(id, nome, cpf, logradouro, numero, complemento, cep, telefone, partido_id, projetos_de_lei, processos, fotos) VALUES('3', 'Camilo Santana', '74615781202', 'Rua C', '123', 'casa', '12345-678', '12345678900', '3', 'projeto 23/2015-86, projeto 35/2012-33', '0', 'https://upload.wikimedia.org/wikipedia/commons/thumb/f/f6/Camilo_Santana_PT.jpg/150px-Camilo_Santana_PT.jpg');
INSERT INTO tb_governador(id, nome, cpf, logradouro, numero, complemento, cep, telefone, partido_id, projetos_de_lei, processos, fotos) VALUES('4', 'Waldez Goes', '70186743955', 'Rua D', '123', 'casa', '12345-678', '12345678900', '4', 'projeto 12/2018-45, projeto 73/2016-41', '1', 'https://upload.wikimedia.org/wikipedia/commons/thumb/1/14/Governador_waldez_go%C3%A9s.jpg/150px-Governador_waldez_go%C3%A9s.jpg');
INSERT INTO tb_governador(id, nome, cpf, logradouro, numero, complemento, cep, telefone, partido_id, projetos_de_lei, processos, fotos) VALUES('5', 'Flávio Dino', '52124322354', 'Rua E', '123', 'casa', '12345-678', '12345678900', '5', 'projeto 11/2020-98, projeto 44/2011-65', '1', 'https://upload.wikimedia.org/wikipedia/commons/thumb/d/df/Fl%C3%A1vio_Dino_v2.jpg/150px-Fl%C3%A1vio_Dino_v2.jpg');
INSERT INTO tb_ministro(id, nome, cpf, logradouro, numero, complemento, cep, telefone, partido_id, projetos_de_lei, processos, fotos) VALUES('1', 'Gleisi Hoffmann', '53864325757', 'Rua A', '123', 'casa', '12345-678', '12345678900', '1', 'projeto 11/2020-98, projeto 44/2011-65', '0', 'https://www.camara.leg.br/internet/deputado/bandep/107283.jpgmaior.jpg');
INSERT INTO tb_ministro(id, nome, cpf, logradouro, numero, complemento, cep, telefone, partido_id, projetos_de_lei, processos, fotos) VALUES('2', 'Onyx Lorenzoni', '23172585859', 'Rua B', '123', 'casa', '12345-678', '12345678900', '2', 'projeto 11/2020-98, projeto 44/2011-65', '0', 'https://www.camara.leg.br/internet/deputado/bandep/74399.jpgmaior.jpg');
INSERT INTO tb_ministro(id, nome, cpf, logradouro, numero, complemento, cep, telefone, partido_id, projetos_de_lei, processos, fotos) VALUES('3', 'Edson Fachin', '72225748594', 'Rua C', '123', 'casa', '12345-678', '12345678900', '3', 'projeto 11/2020-98, projeto 44/2011-65', '1', 'https://encrypted-tbn0.gstatic.com/images?q=tbn:ANd9GcRB9UqTNwZr9r_nFS8X-SGYWTVHBu4j0fryCg&usqp=CAU');
INSERT INTO tb_ministro(id, nome, cpf, logradouro, numero, complemento, cep, telefone, partido_id, projetos_de_lei, processos, fotos) VALUES('4', 'Carlos Roberto Lupi', '56788123357', 'Rua D', '123', 'casa', '12345-678', '12345678900', '4', 'projeto 11/2020-98, projeto 44/2011-65', '1', 'https://pbs.twimg.com/profile_images/1318924470606794754/VXUZib-S_400x400.jpg');
INSERT INTO tb_ministro(id, nome, cpf, logradouro, numero, complemento, cep, telefone, partido_id, projetos_de_lei, processos, fotos) VALUES('5', 'Aldo Rebelo', '16757278057', 'Rua E', '123', 'casa', '12345-678', '12345678900', '5', 'projeto 11/2020-98, projeto 44/2011-65', '1', 'https://www.camara.leg.br/internet/deputado/bandep/73428.jpgmaior.jpg');
INSERT INTO tb_prefeito(id, nome, cpf, logradouro, numero, complemento, cep, telefone, partido_id, projetos_de_lei, processos, fotos) VALUES('1', 'Fernando Tolentino', '40382708407', 'Rua A', '123', 'casa', '12345-678', '12345678900', '1', 'projeto 11/2020-98, projeto 44/2011-65', '0', 'https://img.estadao.com.br/fotos/politica/eleicoes-2020/BA/FBA50001239511_div.jpg');
INSERT INTO tb_prefeito(id, nome, cpf, logradouro, numero, complemento, cep, telefone, partido_id, projetos_de_lei, processos, fotos) VALUES('2', 'Agamenon Coelho', '47028378853', 'Rua B', '123', 'casa', '12345-678', '12345678900', '2', 'projeto 11/2020-98, projeto 44/2011-65', '0', 'https://img.estadao.com.br/fotos/politica/eleicoes-2020/BA/FBA50000837945_div.jpg');
INSERT INTO tb_prefeito(id, nome, cpf, logradouro, numero, complemento, cep, telefone, partido_id, projetos_de_lei, processos, fotos) VALUES('3', 'Edmilson Rodrigues', '83481973039', 'Rua C', '123', 'casa', '12345-678', '12345678900', '3', 'projeto 11/2020-98, projeto 44/2011-65', '0', 'https://upload.wikimedia.org/wikipedia/commons/4/48/Edmilson_rodrigues.jpg');
INSERT INTO tb_prefeito(id, nome, cpf, logradouro, numero, complemento, cep, telefone, partido_id, projetos_de_lei, processos, fotos) VALUES('4', 'Fabiano Sampaio', '71110695284', 'Rua D', '123', 'casa', '12345-678', '12345678900', '4', 'projeto 11/2020-98, projeto 44/2011-65', '1', 'https://portaldosuldabahia.com.br/wp-content/uploads/2021/03/WhatsApp-Image-2021-03-23-at-09.13.38.jpeg');
INSERT INTO tb_prefeito(id, nome, cpf, logradouro, numero, complemento, cep, telefone, partido_id, projetos_de_lei, processos, fotos) VALUES('5', 'Wilson Gomes', '59606111121', 'Rua E', '123', 'casa', '12345-678', '12345678900', '5', 'projeto 11/2020-98, projeto 44/2011-65', '1', 'https://www.jtnews.com.br/media/image_bank/2021/10/wilson-gomes-pcdob_cpzWXAp.jpg');
INSERT INTO tb_presidente(id, nome, cpf, logradouro, numero, complemento, cep, telefone, partido_id, projetos_de_lei, processos, fotos) VALUES('1', 'Luiz Inácio Lula da Silva', '21180675428', 'Rua A', '123', 'casa', '12345-678', '12345678900', '1', 'projeto 11/2020-98, projeto 44/2011-65', '0', 'https://pbs.twimg.com/profile_images/1457789415107956739/4yOwCn7-_400x400.jpg');
INSERT INTO tb_presidente(id, nome, cpf, logradouro, numero, complemento, cep, telefone, partido_id, projetos_de_lei, processos, fotos) VALUES('2', 'Rodrigo Maia', '88220673800', 'Rua B', '123', 'casa', '12345-678', '12345678900', '2', 'projeto 11/2020-98, projeto 44/2011-65', '1', 'https://upload.wikimedia.org/wikipedia/commons/8/86/Audi%C3%AAncia_com_o_Presidente_da_C%C3%A2mara_dos_Deputados%2C_Rodrigo_Maia_-_48836600688_%28cropped%29.jpg');
INSERT INTO tb_presidente(id, nome, cpf, logradouro, numero, complemento, cep, telefone, partido_id, projetos_de_lei, processos, fotos) VALUES('3', 'Guilherme Boulos', '75496565502', 'Rua C', '123', 'casa', '12345-678', '12345678900', '3', 'projeto 11/2020-98, projeto 44/2011-65', '0', 'https://veja.abril.com.br/wp-content/uploads/2021/05/SPC205019.JPG-1.jpg');
INSERT INTO tb_presidente(id, nome, cpf, logradouro, numero, complemento, cep, telefone, partido_id, projetos_de_lei, processos, fotos) VALUES('4', 'Ciro Gomes', '72865349390', 'Rua D', '123', 'casa', '12345-678', '12345678900', '4', 'projeto 11/2020-98, projeto 44/2011-65', '0', 'https://todospelaeducacao.org.br/wordpress/wp-content/uploads/2018/08/candidato-ciro-gomes.jpg');
INSERT INTO tb_presidente(id, nome, cpf, logradouro, numero, complemento, cep, telefone, partido_id, projetos_de_lei, processos, fotos) VALUES('5', 'Manuela Davila', '25580087144', 'Rua E', '123', 'casa', '12345-678', '12345678900', '5', 'projeto 11/2020-98, projeto 44/2011-65', '0', 'https://encrypted-tbn0.gstatic.com/images?q=tbn:ANd9GcThs1-93GV2Foq20DOWRdFNjd07zg4f8M4tSg&usqp=CAU');
INSERT INTO tb_senador(id, nome, cpf, logradouro, numero, complemento, cep, telefone, partido_id, projetos_de_lei, processos, fotos) VALUES('1', 'Jaques Wagner', '16253931130', 'Rua A', '123', 'casa', '12345-678', '12345678900', '1', 'projeto 11/2020-98, projeto 44/2011-65', '0', 'https://ptnosenado.org.br/wp/wp-content/uploads/2019/01/jaques_wag_perfil.jpg');
INSERT INTO tb_senador(id, nome, cpf, logradouro, numero, complemento, cep, telefone, partido_id, projetos_de_lei, processos, fotos) VALUES('2', 'Marcos Rogério', '53777565415', 'Rua B', '123', 'casa', '12345-678', '12345678900', '2', 'projeto 11/2020-98, projeto 44/2011-65', '0', 'https://www.camara.leg.br/internet/deputado/bandep/167722.jpgmaior.jpg');
INSERT INTO tb_senador(id, nome, cpf, logradouro, numero, complemento, cep, telefone, partido_id, projetos_de_lei, processos, fotos) VALUES('3', 'Randolfe Rodrigues', '57778818582', 'Rua C', '123', 'casa', '12345-678', '12345678900', '3', 'projeto 11/2020-98, projeto 44/2011-65', '1', 'https://upload.wikimedia.org/wikipedia/commons/thumb/a/a4/Senadores_da_56%C2%AA_Legislatura_-_Randolfe_Rodrigues_%2846149534405%29.jpg/1200px-Senadores_da_56%C2%AA_Legislatura_-_Randolfe_Rodrigues_%2846149534405%29.jpg');
INSERT INTO tb_senador(id, nome, cpf, logradouro, numero, complemento, cep, telefone, partido_id, projetos_de_lei, processos, fotos) VALUES('4', 'Acir Gurgacz', '62217766864', 'Rua D', '123', 'casa', '12345-678', '12345678900', '4', 'projeto 11/2020-98, projeto 44/2011-65', '1', 'https://imgsapp2.correiobraziliense.com.br/app/noticia_127983242361/2018/10/09/711818/20181009202829448270o.jpg');
INSERT INTO tb_senador(id, nome, cpf, logradouro, numero, complemento, cep, telefone, partido_id, projetos_de_lei, processos, fotos) VALUES('5', 'Vanessa Grazziotin', '84305042223', 'Rua E', '123', 'casa', '12345-678', '12345678900', '5', 'projeto 11/2020-98, projeto 44/2011-65', '1', 'http://www.senado.gov.br/senadores/img/fotos-oficiais/senador558.jpg');
INSERT INTO tb_vereador(id, nome, cpf, logradouro, numero, complemento, cep, telefone, partido_id, projetos_de_lei, processos, fotos) VALUES('1', 'Luiz Carlos Santos Lima', '79318489340', 'Rua A', '123', 'casa', '12345-678', '12345678900', '1', 'projeto 11/2020-98, projeto 44/2011-65', '1', 'https://img.estadao.com.br/fotos/politica/eleicoes-2020/BA/FBA50001070228_div.jpg');
INSERT INTO tb_vereador(id, nome, cpf, logradouro, numero, complemento, cep, telefone, partido_id, projetos_de_lei, processos, fotos) VALUES('2', 'Claudio Tinoco Melo de Oliveira', '61544548214', 'Rua B', '123', 'casa', '12345-678', '12345678900', '2', 'projeto 11/2020-98, projeto 44/2011-65', '1', 'https://img.estadao.com.br/fotos/politica/eleicoes-2020/BA/FBA50000816277_div.jpg');
INSERT INTO tb_vereador(id, nome, cpf, logradouro, numero, complemento, cep, telefone, partido_id, projetos_de_lei, processos, fotos) VALUES('3', 'Laina Pretas', '82624150862', 'Rua C', '123', 'casa', '12345-678', '12345678900', '3', 'projeto 11/2020-98, projeto 44/2011-65', '0', 'https://img.estadao.com.br/fotos/politica/eleicoes-2020/BA/FBA50001247599_div.jpg');
INSERT INTO tb_vereador(id, nome, cpf, logradouro, numero, complemento, cep, telefone, partido_id, projetos_de_lei, processos, fotos) VALUES('4', 'Odiosvaldo Bonfim Vigas', '79647533802', 'Rua D', '123', 'casa', '12345-678', '12345678900', '4', 'projeto 11/2020-98, projeto 44/2011-65', '0', 'https://img.estadao.com.br/fotos/politica/eleicoes-2020/BA/FBA50000720764_div.jpg');
INSERT INTO tb_vereador(id, nome, cpf, logradouro, numero, complemento, cep, telefone, partido_id, projetos_de_lei, processos, fotos) VALUES('5', 'Maria Aladilce de Souza', '33566861197', 'Rua E', '123', 'casa', '12345-678', '12345678900', '5', 'projeto 11/2020-98, projeto 44/2011-65', '0', 'https://img.estadao.com.br/fotos/politica/eleicoes-2020/BA/FBA50001037256_div.jpg');
